{
  "width": 640,
  "height": 360,
  "fps": 30,
  "main": "./script/aez_bundle_main.js",
  "assets": {
    "ui_common": {
      "type": "image",
      "width": 1024,
      "height": 1024,
      "path": "files/1c1e101adc4334d2129b.png",
      "hint": {
        "untainted": true
      },
      "virtualPath": "image/ui_common.png"
    },
    "glyph28": {
      "type": "text",
      "path": "files/1f8987b04c636ad42575.json",
      "virtualPath": "text/glyph28.json"
    },
    "glyph72": {
      "type": "text",
      "path": "files/b3f1905bacd20ca03885.json",
      "virtualPath": "text/glyph72.json"
    },
    "glyph32_yellow": {
      "type": "text",
      "path": "files/39603f1b2f1746325b96.json",
      "virtualPath": "text/glyph32_yellow.json"
    },
    "jin_000": {
      "type": "audio",
      "path": "files/c737e8788c8ed0b6ec4b",
      "systemId": "sound",
      "duration": 2984,
      "virtualPath": "audio/jin_000"
    },
    "se_001a": {
      "type": "audio",
      "path": "files/c8801a4af057df75c445",
      "systemId": "sound",
      "duration": 1237,
      "virtualPath": "audio/se_001a"
    },
    "se_001c": {
      "type": "audio",
      "path": "files/678d965eb1a216cbcd1d",
      "systemId": "sound",
      "duration": 770,
      "virtualPath": "audio/se_001c"
    },
    "se_002c": {
      "type": "audio",
      "path": "files/9b02e37f9785bb07e2c9",
      "systemId": "sound",
      "duration": 1005,
      "virtualPath": "audio/se_002c"
    },
    "se_003": {
      "type": "audio",
      "path": "files/7ba5a21534c7f242d8a1",
      "systemId": "sound",
      "duration": 2171,
      "virtualPath": "audio/se_003"
    },
    "se_004": {
      "type": "audio",
      "path": "files/2796ea0a544eff572970",
      "systemId": "sound",
      "duration": 1104,
      "virtualPath": "audio/se_004"
    },
    "se_100c": {
      "type": "audio",
      "path": "files/d4f4caf472ce77d3d54d",
      "systemId": "sound",
      "duration": 924,
      "virtualPath": "audio/se_100c"
    },
    "se_explosion": {
      "type": "audio",
      "path": "files/1efe6e23b01eb3e66223",
      "systemId": "sound",
      "duration": 2555,
      "virtualPath": "audio/se_explosion"
    },
    "bgm_dm": {
      "type": "audio",
      "path": "files/e0f41d0329e8d12c415c",
      "systemId": "sound",
      "duration": 51201,
      "virtualPath": "audio/bgm_dm"
    },
    "bgm_gohands": {
      "type": "audio",
      "path": "files/92fba0554ae48098b1e3",
      "systemId": "sound",
      "duration": 57287,
      "virtualPath": "audio/bgm_gohands"
    },
    "bgm_madarasukaru": {
      "type": "audio",
      "path": "files/4dc87c9b8777a1f89fb8",
      "systemId": "sound",
      "duration": 45000,
      "virtualPath": "audio/bgm_madarasukaru"
    },
    "bgm_namaon": {
      "type": "audio",
      "path": "files/ebed937580c87d9352b7",
      "systemId": "sound",
      "duration": 57731,
      "virtualPath": "audio/bgm_namaon"
    },
    "bgm_sabaneko": {
      "type": "audio",
      "path": "files/d2d6da0ebc3eef3b576c",
      "systemId": "sound",
      "duration": 56112,
      "virtualPath": "audio/bgm_sabaneko"
    },
    "gozyasu_dm": {
      "type": "image",
      "path": "files/1127c267b15c597f678c.png",
      "width": 200,
      "height": 150,
      "hint": {
        "untainted": true
      },
      "virtualPath": "image/gozyasu_dm.png"
    },
    "gozyasu_masakichi": {
      "type": "image",
      "path": "files/c59ba9f7e2ad10238a65.png",
      "width": 125,
      "height": 113,
      "hint": {
        "untainted": true
      },
      "virtualPath": "image/gozyasu_masakichi.png"
    },
    "gozyasu_muxutube_danball": {
      "type": "image",
      "path": "files/8531d79a6c21d80658ac.png",
      "width": 200,
      "height": 150,
      "hint": {
        "untainted": true
      },
      "virtualPath": "image/gozyasu_muxutube_danball.png"
    },
    "gozyasu_muxutube_rocket": {
      "type": "image",
      "path": "files/49be8d5c1fc857d35ed0.png",
      "width": 200,
      "height": 150,
      "hint": {
        "untainted": true
      },
      "virtualPath": "image/gozyasu_muxutube_rocket.png"
    },
    "gozyasu_nyanu": {
      "type": "image",
      "path": "files/aea53ca00a8824036445.png",
      "width": 200,
      "height": 150,
      "hint": {
        "untainted": true
      },
      "virtualPath": "image/gozyasu_nyanu.png"
    },
    "gozyasu_odu": {
      "type": "image",
      "path": "files/3f8b8372831a12859086.png",
      "width": 200,
      "height": 150,
      "hint": {
        "untainted": true
      },
      "virtualPath": "image/gozyasu_odu.png"
    },
    "gozyasu_ringomarknoa": {
      "type": "image",
      "path": "files/5d1201804affad928801.png",
      "width": 150,
      "height": 200,
      "hint": {
        "untainted": true
      },
      "virtualPath": "image/gozyasu_ringomarknoa.png"
    },
    "gozyasu_shinkeya": {
      "type": "image",
      "path": "files/1d561e067f536afaa3af.png",
      "width": 200,
      "height": 150,
      "hint": {
        "untainted": true
      },
      "virtualPath": "image/gozyasu_shinkeya.png"
    },
    "gozyasu_ss": {
      "type": "image",
      "path": "files/938aca64b6c4edfe2d02.png",
      "width": 250,
      "height": 375,
      "hint": {
        "untainted": true
      },
      "virtualPath": "image/gozyasu_ss.png"
    },
    "title_mitta": {
      "type": "image",
      "path": "files/9aae95848ca35afd92e2.png",
      "width": 640,
      "height": 360,
      "hint": {
        "untainted": true
      },
      "virtualPath": "image/title_mitta.png"
    },
    "dragoncube01": {
      "type": "image",
      "path": "files/8f62338fdaee8ad2f039.png",
      "width": 80,
      "height": 80,
      "hint": {
        "untainted": true
      },
      "virtualPath": "image/dragoncube01.png"
    },
    "dragoncube02": {
      "type": "image",
      "path": "files/7bbcc021bf9c07d37620.png",
      "width": 80,
      "height": 80,
      "hint": {
        "untainted": true
      },
      "virtualPath": "image/dragoncube02.png"
    },
    "dragoncube03": {
      "type": "image",
      "path": "files/715ee34f1ee9154f8272.png",
      "width": 80,
      "height": 80,
      "hint": {
        "untainted": true
      },
      "virtualPath": "image/dragoncube03.png"
    },
    "bg_space": {
      "type": "image",
      "path": "files/35cf5166c15423bbb715.png",
      "width": 640,
      "height": 360,
      "hint": {
        "untainted": true
      },
      "virtualPath": "image/bg_space.png"
    },
    "estar": {
      "type": "audio",
      "path": "files/7b56ec0013362eea8488",
      "systemId": "sound",
      "duration": 3109,
      "virtualPath": "audio/estar"
    },
    "mada": {
      "type": "audio",
      "path": "files/5bfd1eb63e012d70aa25",
      "systemId": "sound",
      "duration": 2743,
      "virtualPath": "audio/mada"
    },
    "revo": {
      "type": "audio",
      "path": "files/895c8317c7fd91f06900",
      "systemId": "sound",
      "duration": 941,
      "virtualPath": "audio/revo"
    },
    "fish_freelance": {
      "type": "image",
      "path": "files/76bed6fe0e92c68f39c4.png",
      "width": 200,
      "height": 150,
      "hint": {
        "untainted": true
      },
      "virtualPath": "image/fish_freelance.png"
    },
    "fish_mint": {
      "type": "image",
      "path": "files/eb36c11c28495497e52b.png",
      "width": 200,
      "height": 200,
      "hint": {
        "untainted": true
      },
      "virtualPath": "image/fish_mint.png"
    },
    "fish_mixityan": {
      "type": "image",
      "path": "files/50eadce2fc937b18f40f.png",
      "width": 939,
      "height": 547,
      "hint": {
        "untainted": true
      },
      "virtualPath": "image/fish_mixityan.png"
    },
    "fish_ryouran": {
      "type": "image",
      "path": "files/3687217e0b9fe74562e4.png",
      "width": 1920,
      "height": 1080,
      "hint": {
        "untainted": true
      },
      "virtualPath": "image/fish_ryouran.png"
    },
    "fish_takarabako": {
      "type": "image",
      "path": "files/e2443bd28ea7649478c8.png",
      "width": 200,
      "height": 200,
      "hint": {
        "untainted": true
      },
      "virtualPath": "image/fish_takarabako.png"
    },
    "fish_gadhirasu": {
      "type": "image",
      "path": "files/d2535e3c3668b13f2afc.png",
      "width": 197,
      "height": 195,
      "hint": {
        "untainted": true
      },
      "virtualPath": "image/fish_gadhirasu.png"
    },
    "fish_gonbirasu": {
      "type": "image",
      "path": "files/35ac20cea43c04b36eb8.PNG",
      "width": 164,
      "height": 132,
      "hint": {
        "untainted": true
      },
      "virtualPath": "image/fish_gonbirasu.PNG"
    },
    "fish_hurora": {
      "type": "image",
      "path": "files/b3f354e7ab7fb789de21.png",
      "width": 172,
      "height": 198,
      "hint": {
        "untainted": true
      },
      "virtualPath": "image/fish_hurora.png"
    },
    "fish_madagasukaru": {
      "type": "image",
      "path": "files/2db48b5008cd139d2d14.png",
      "width": 150,
      "height": 200,
      "hint": {
        "untainted": true
      },
      "virtualPath": "image/fish_madagasukaru.png"
    },
    "fish_mixi": {
      "type": "image",
      "path": "files/15700fc213e87888d187.PNG",
      "width": 114,
      "height": 138,
      "hint": {
        "untainted": true
      },
      "virtualPath": "image/fish_mixi.PNG"
    },
    "fish_wakusei": {
      "type": "image",
      "path": "files/6aaba13f755c3b15885e.png",
      "width": 212,
      "height": 134,
      "hint": {
        "untainted": true
      },
      "virtualPath": "image/fish_wakusei.png"
    },
    "finish": {
      "type": "audio",
      "path": "files/53e222a7aff57e70e889",
      "systemId": "sound",
      "duration": 1803,
      "virtualPath": "audio/finish"
    },
    "aez_bundle_main": {
      "type": "script",
      "global": true,
      "path": "files/f086925699839f7a9594.js",
      "virtualPath": "script/aez_bundle_main.js"
    }
  },
  "environment": {
    "sandbox-runtime": "3",
    "niconico": {
      "supportedModes": [
        "single",
        "ranking"
      ],
      "preferredSessionParameters": {
        "totalTimeLimit": 62
      }
    },
    "external": {
      "send": "0"
    },
    "akashic-runtime": {
      "version": "~3.1.3-0",
      "flavor": "-canvas"
    }
  },
  "globalScripts": [],
  "moduleMainScripts": {
    "@akashic-extension/akashic-timeline": "node_modules/@akashic-extension/akashic-timeline/lib/index.js"
  },
  "exportZipInfo": {
    "version": "1.7.39",
    "option": {
      "force": true,
      "strip": true,
      "minify": false,
      "minifyJs": false,
      "minifyJson": false,
      "packImage": false,
      "bundle": true,
      "babel": true,
      "targetService": "nicolive"
    }
  }
}